{
    "Gauss-Newton": {
        "H0": 70.44835519946226,
        "Omega": 0.7360817678866023,
        "nfev": 5
    },
    "Levenberg-Marquardt": {
        "H0": 70.44828668093118,
        "Omega": 0.7360817678866023,
        "nfev": 6
    }
}