{
    "size_ratio": 1.5,
    "clusters": [
        {
            "center": {
                "ra": 34.639680792864056,
                "dec": 57.13778552858809
            },
            "sigma": 0.1425942094366224,
            "tau": 0.12037608886218618
        },
        {
            "center": {
                "ra": 35.56678815168834,
                "dec": 57.13778552858512
            },
            "sigma": 0.08101810716478389,
            "tau": 0.3611282665866184
        }
    ]
}